<?xml version="1.0" encoding="utf-8"?>
<ApplicationInstallerManifest>
   <DefaultInstallationDirectory>/Applications/EMVizGUI/</DefaultInstallationDirectory>
   <ApplicationName>EMVizGUI</ApplicationName>
   <ExecutableName>application/EMVizGUI.exe</ExecutableName>
   <GUID>41728eb8-7d79-4ff4-9fab-fb5b1ea20d01</GUID>
   <ApplicationIcon>default_icon_48.png</ApplicationIcon>
   <Logo>default_logo.png</Logo>
   <Version>0.5</Version>
   <InstallationNotes>In the following directions, replace MR by the directory where MATLAB or the MATLAB Runtime is installed on the target machine.

If the environment variable DYLD_LIBRARY_PATH is undefined, set it to the following string:

MR/v93/runtime/maci64:MR/v93/sys/os/maci64:MR/v93/bin/maci64

If it is defined, set it to the following:

${DYLD_LIBRARY_PATH}:MR/v93/runtime/maci64:MR/v93/sys/os/maci64:MR/v93/bin/maci64</InstallationNotes>
   <Summary>Early Music Visualization</Summary>
   <WelcomePanelText>EMVizGUI 0.5
Early Music Visualization

Analyze and visualize MIDI files of monophonic and polyphonic music.

Aaron Carter-Enyi
aaron.carterenyi@morehouse.edu</WelcomePanelText>
   <MCRProducts>
      <MCRProduct>
         <ExternalProductIdentifier>35000</ExternalProductIdentifier>
      </MCRProduct>
      <MCRProduct>
         <ExternalProductIdentifier>35010</ExternalProductIdentifier>
      </MCRProduct>
   </MCRProducts>
</ApplicationInstallerManifest>